Scheme,Avg Throughput (Mbps),Avg RTT (ms),Loss Rate
bbr,48.64503421007553,16.634218542385646,0.0032447906482336378
cubic,42.961968687663074,22.45563018941307,0.0021313805090091074
vegas,39.8386652134224,13.122947331125086,0.0007514652237350187
