Scheme,Avg Throughput (Mbps),Avg RTT (ms),Loss Rate
cubic,0.8461279689811033,409.98769561157025,0.0076557263449171424
vegas,0.8305546166102341,322.374489735039,0.0014755179177443748
bbr,0.9587302386498171,355.52008662293775,0.0040120554852772754
